{"loss": [0.043479073792696, 0.005877138581126928, 0.005117853172123432, 0.005248243920505047, 0.0038680315483361483, 0.0037407323252409697, 0.0036837805528193712, 0.003466920694336295, 0.00303875794634223, 0.0027084825560450554, 0.0027424751315265894, 0.0032421459909528494, 0.002448650076985359, 0.002254056977108121, 0.002240352565422654, 0.0023143303114920855, 0.0021107569336891174, 0.0024140954483300447, 0.002229716395959258, 0.0019416087307035923], "val_loss": [0.0008343946537934244, 0.0011296338634565473, 0.0017946403240785003, 0.0008604666800238192, 0.00046721354010514915, 0.00043957383604720235, 0.0003649344143923372, 0.0005315245944075286, 0.00039078097324818373, 0.0003262773097958416, 0.0004884459776803851, 0.00027063925517722964, 0.000318213744321838, 0.000506785640027374, 0.00026730081299319863, 0.0002652964903973043, 0.00033764130785129964, 0.0005967343458905816, 0.00030749914003536105, 0.0005442980327643454], "final_loss": 0.0019416087307035923, "final_val_loss": 0.0005442980327643454, "generalization_gap": -0.001397310697939247}