{"folds": [{"fold": 1, "mse": 4464.57154659307, "rmse": 66.81744941699787, "mae": 54.23143726293592, "r2": 0.7400720158491694}, {"fold": 2, "mse": 4179.064784322533, "rmse": 64.64568650979378, "mae": 48.189102703592056, "r2": 0.7984519582368037}, {"fold": 3, "mse": 1758.3218227557588, "rmse": 41.93234816649026, "mae": 32.80718017578125, "r2": 0.5174927767489768}], "mean": {"mse": 3467.319384557121, "rmse": 57.798494697760646, "mae": 45.07590671410307, "r2": 0.6853389169449833}}