{"loss": [0.030739160254597664, 0.004326646216213703, 0.0030657958704978228, 0.003137301653623581, 0.0023519876413047314, 0.0023613073863089085, 0.002548984019085765, 0.00230410136282444, 0.0022593580652028322, 0.00212483131326735, 0.0021509930957108736, 0.00215268786996603, 0.0018435955280438066, 0.002116143237799406, 0.0019831880927085876, 0.0021505861077457666, 0.0019185510464012623, 0.0019575252663344145, 0.0017908749869093299, 0.0017549837939441204], "val_loss": [0.0012406622990965843, 0.0011568022891879082, 0.0007260024431161582, 0.0008673439733684063, 0.000600199680775404, 0.0004466836398933083, 0.00044867710676044226, 0.0017181523144245148, 0.00023788186081219465, 0.00033902947325259447, 0.0003191304858773947, 0.00026290753157809377, 0.0002174536493839696, 0.00038221784052439034, 0.0004425144288688898, 0.0002791233127936721, 0.00027017039246857166, 0.0002483793068677187, 0.00043845249456353486, 0.0006924545159563422], "final_loss": 0.0017549837939441204, "final_val_loss": 0.0006924545159563422, "generalization_gap": -0.0010625292779877782}