{"folds": [{"fold": 1, "mse": 11073.147566025935, "rmse": 105.22902435177252, "mae": 94.12550298126652, "r2": 0.32919777598393407}, {"fold": 2, "mse": 7935.575525508289, "rmse": 89.08184734000687, "mae": 79.4620623951227, "r2": 0.6887288165296821}, {"fold": 3, "mse": 1360.5444261409036, "rmse": 36.885558503849495, "mae": 28.020535501829336, "r2": 0.6227773984092186}], "mean": {"mse": 6789.755839225042, "rmse": 77.0654767318763, "mae": 67.20270029273952, "r2": 0.5469013303076116}}