{"mse": 4341.629707729433, "rmse": 65.89104421489641, "mae": 54.355795755665206, "r2": 0.14355181435902287}