{"loss": [0.03962597995996475, 0.006473862566053867, 0.004078245256096125, 0.003806129563599825, 0.0037560684140771627, 0.0033850246109068394, 0.0033518136478960514, 0.0031762411817908287, 0.002941027283668518, 0.003113602753728628, 0.002655512187629938, 0.0029273848049342632, 0.0023910996969789267, 0.002439316362142563, 0.0025174079928547144, 0.002270652912557125, 0.002094362396746874, 0.0022134596947580576, 0.00229036808013916, 0.0020894126500934362], "val_loss": [0.0006553992861881852, 0.0013873984571546316, 0.0013354625552892685, 0.0007573160110041499, 0.0009615939925424755, 0.0003714703780133277, 0.0005212886608205736, 0.0007085363031364977, 0.0005103134317323565, 0.0004733733076136559, 0.0005123883602209389, 0.00035661374568007886, 0.00025822350289672613, 0.00047930708387866616, 0.0007842810009606183, 0.0006005220930092037, 0.00022817291028331965, 0.0003172094002366066, 0.00020829465938732028, 0.00024543696781620383], "final_loss": 0.0020894126500934362, "final_val_loss": 0.00024543696781620383, "generalization_gap": -0.0018439756822772324}