{"DOWN": {"precision": 0.5670995670995671, "recall": 0.9849624060150376, "f1-score": 0.7197802197802198, "support": 133.0}, "UP": {"precision": 0.0, "recall": 0.0, "f1-score": 0.0, "support": 100.0}, "accuracy": 0.5622317596566524, "macro avg": {"precision": 0.28354978354978355, "recall": 0.4924812030075188, "f1-score": 0.3598901098901099, "support": 233.0}, "weighted avg": {"precision": 0.32370919495383016, "recall": 0.5622317596566524, "f1-score": 0.41086167051832284, "support": 233.0}}