{"mse": 1789.7189423234463, "rmse": 42.30506993639706, "mae": 31.76928401121619, "r2": 0.6469524938454914}