{"folds": [{"fold": 1, "mse": 8080.60789796034, "rmse": 89.8922015414037, "mae": 77.63901535255323, "r2": 0.5295458702564827}, {"fold": 2, "mse": 5620.3552508931925, "rmse": 74.96902861110841, "mae": 59.54845169730809, "r2": 0.7289413652833204}, {"fold": 3, "mse": 1565.6016155132368, "rmse": 39.56768397964729, "mae": 25.60382987644362, "r2": 0.5703778008995688}], "mean": {"mse": 5088.85492145559, "rmse": 68.14297137738647, "mae": 54.263765642101646, "r2": 0.609621678813124}}