{"mse": 3353.5911469140747, "rmse": 57.91019898872801, "mae": 48.82449542309865, "r2": 0.3391593435782724}