{"fpr": [0.0, 0.007518796992481203, 0.022556390977443608, 0.06766917293233082, 0.08270676691729323, 0.09022556390977443, 0.09774436090225563, 0.15789473684210525, 0.18045112781954886, 0.22556390977443608, 0.2631578947368421, 0.3007518796992481, 0.3082706766917293, 0.3157894736842105, 0.3383458646616541, 0.3533834586466165, 0.3609022556390977, 0.3684210526315789, 0.39849624060150374, 0.40601503759398494, 0.42857142857142855, 0.43609022556390975, 0.44360902255639095, 0.45864661654135336, 0.46616541353383456, 0.49624060150375937, 0.5037593984962406, 0.518796992481203, 0.5263157894736842, 0.5338345864661654, 0.5639097744360902, 0.5714285714285714, 0.5714285714285714, 0.5789473684210527, 0.6390977443609023, 0.6466165413533834, 0.6541353383458647, 0.6541353383458647, 0.6616541353383458, 0.6616541353383458, 0.6766917293233082, 0.6842105263157895, 0.6842105263157895, 0.6917293233082706, 0.706766917293233, 0.7293233082706767, 0.7368421052631579, 0.7368421052631579, 0.7443609022556391, 0.7593984962406015, 0.7593984962406015, 0.7744360902255639, 0.7819548872180451, 0.7894736842105263, 0.8045112781954887, 0.8045112781954887, 0.8120300751879699, 0.8120300751879699, 0.8270676691729323, 0.8345864661654135, 0.8345864661654135, 0.849624060150376, 0.8571428571428571, 0.8646616541353384, 0.8721804511278195, 0.8872180451127819, 0.8872180451127819, 0.9022556390977443, 0.9022556390977443, 0.924812030075188, 0.9323308270676691, 0.9323308270676691, 0.9548872180451128, 0.9548872180451128, 0.9699248120300752, 0.9699248120300752, 0.9774436090225563, 0.9849624060150376, 0.9924812030075187, 0.9924812030075187, 1.0, 1.0], "tpr": [0.0, 0.0, 0.0, 0.13, 0.14, 0.14, 0.15, 0.22, 0.23, 0.24, 0.28, 0.3, 0.33, 0.35, 0.36, 0.36, 0.37, 0.4, 0.43, 0.43, 0.44, 0.45, 0.47, 0.47, 0.48, 0.52, 0.52, 0.52, 0.53, 0.53, 0.53, 0.54, 0.55, 0.55, 0.6, 0.61, 0.61, 0.62, 0.63, 0.65, 0.67, 0.69, 0.7, 0.71, 0.71, 0.71, 0.71, 0.73, 0.74, 0.74, 0.75, 0.75, 0.76, 0.76, 0.76, 0.77, 0.77, 0.8, 0.8, 0.8, 0.81, 0.82, 0.82, 0.83, 0.85, 0.85, 0.87, 0.87, 0.88, 0.89, 0.9, 0.91, 0.91, 0.93, 0.93, 0.94, 0.94, 0.95, 0.95, 0.97, 0.98, 1.0], "auc": 0.5023684210526316}