{"loss": [0.026889871805906296, 0.003922963980585337, 0.0029225083999335766, 0.002882706932723522, 0.002486845711246133, 0.0024106388445943594, 0.0024180461186915636, 0.002362654311582446, 0.002114000963047147, 0.00203487160615623, 0.0018931061495095491, 0.002109100576490164, 0.002054566750302911, 0.0018917936831712723, 0.0019089661072939634, 0.0021619959734380245, 0.0021326434798538685, 0.0017757145687937737, 0.0018555345013737679, 0.0019833084661513567], "val_loss": [0.00180851761251688, 0.0020857625640928745, 0.0009684123797342181, 0.0007285306346602738, 0.0005159853026270866, 0.0003597139730118215, 0.0008116363314911723, 0.0004989185836166143, 0.0005476454389281571, 0.00023721030447632074, 0.0005358869675546885, 0.00048692923155613244, 0.0003606539685279131, 0.0002619822043925524, 0.00029801265918649733, 0.0012671451549977064, 0.00023458478972315788, 0.00023971004702616483, 0.0003149506519548595, 0.00018623324285726994], "final_loss": 0.0019833084661513567, "final_val_loss": 0.00018623324285726994, "generalization_gap": -0.0017970752232940868}