{"mse": 2004.8123905586356, "rmse": 44.7751313851633, "mae": 30.89194928640343, "r2": 0.6049424398682888}