{"folds": [{"fold": 1, "accuracy": 0.4639175257731959, "precision": 0.4389312977099237, "recall": 0.9274193548387096, "f1": 0.5958549222797928, "auc": 0.5307369132702336}, {"fold": 2, "accuracy": 0.49140893470790376, "precision": 0.42696629213483145, "recall": 0.6229508196721312, "f1": 0.5066666666666667, "auc": 0.507323697739839}, {"fold": 3, "accuracy": 0.5670103092783505, "precision": 0.0, "recall": 0.0, "f1": 0.0, "auc": 0.5302068302068302}], "mean": {"accuracy": 0.5074455899198167, "precision": 0.2886325299482517, "recall": 0.5167900581702803, "f1": 0.3675071963154865, "auc": 0.5227558137389675}}