{"loss": [0.027477096766233444, 0.003971597645431757, 0.003780531231313944, 0.003232130315154791, 0.0033536602277308702, 0.003158765146508813, 0.0030184814240783453, 0.002985237166285515, 0.003067340236157179, 0.0026425698306411505, 0.002751360647380352, 0.0023319232277572155, 0.0024118726141750813, 0.002708881627768278, 0.002589482581242919, 0.0022302595898509026, 0.002361026592552662, 0.0020680890884250402, 0.0021590811666101217, 0.002028993098065257], "val_loss": [0.00045196706196293235, 0.00042318791383877397, 0.0005295407027006149, 0.0004344208864495158, 0.0006358360988087952, 0.000567071430850774, 0.0003346499870531261, 0.000494587526191026, 0.00035089161247015, 0.00042966430191881955, 0.00041825196240097284, 0.00030499693821184337, 0.00028840359300374985, 0.0004826319345738739, 0.00027596595464274287, 0.00027116257115267217, 0.00026683785836212337, 0.00029599780100397766, 0.0002456449728924781, 0.0002596077392809093], "final_loss": 0.002028993098065257, "final_val_loss": 0.0002596077392809093, "generalization_gap": -0.0017693853587843478}