{"folds": [{"fold": 1, "accuracy": 0.4922879177377892, "precision": 0.43186582809224316, "recall": 0.6242424242424243, "f1": 0.5105328376703842, "auc": 0.5060538419913421}, {"fold": 2, "accuracy": 0.5205655526992288, "precision": 0.45955882352941174, "recall": 0.3561253561253561, "f1": 0.4012841091492777, "auc": 0.5078898029717701}, {"fold": 3, "accuracy": 0.506426735218509, "precision": 0.4496487119437939, "recall": 0.5630498533724341, "f1": 0.5, "auc": 0.5166893710113611}], "mean": {"accuracy": 0.506426735218509, "precision": 0.4470244545218163, "recall": 0.5144725445800714, "f1": 0.47060564893988727, "auc": 0.5102110053248244}}