{"accuracy": 0.49919743178170145, "precision": 0.4125560538116592, "recall": 0.336996336996337, "f1": 0.3709677419354839}