{"loss": [0.019044166430830956, 0.0038773161359131336, 0.0033666458912193775, 0.003245759755373001, 0.0029384884983301163, 0.002985869301483035, 0.0027634541038423777, 0.0025908956304192543, 0.0027722211088985205, 0.0024228692054748535, 0.0024510358925908804, 0.0025316248647868633, 0.0025299747940152884, 0.0024500289000570774, 0.002333263633772731, 0.0021363026462495327, 0.0020396236795932055, 0.002250531455501914, 0.002018291037529707, 0.0019059483893215656], "val_loss": [0.0005735819577239454, 0.0005038484232500196, 0.0006236147601157427, 0.000471014209324494, 0.000490706879645586, 0.0005051621701568365, 0.00042010651668533683, 0.0005525489104911685, 0.0007732733502052724, 0.0004358125734142959, 0.00035498946090228856, 0.000384922866942361, 0.00036164638004265726, 0.0003380554262548685, 0.0003505481290630996, 0.0003279773809481412, 0.0003015094844158739, 0.0003766097070183605, 0.0005073711508885026, 0.00030787551077082753], "final_loss": 0.0019059483893215656, "final_val_loss": 0.00030787551077082753, "generalization_gap": -0.001598072878550738}