{"loss": [0.019256476312875748, 0.004137232434004545, 0.0036018008831888437, 0.0034129288978874683, 0.003512380411848426, 0.0029400258790701628, 0.0029916141647845507, 0.002773141488432884, 0.0028368758503347635, 0.0026855282485485077, 0.0024664339143782854, 0.00263951881788671, 0.0023698369041085243, 0.002718499395996332, 0.0021229819394648075, 0.002191285602748394, 0.002298259874805808, 0.0019946673419326544, 0.0020358755718916655, 0.0020248163491487503], "val_loss": [0.0005920210387557745, 0.0005873143090866506, 0.0008943052962422371, 0.0012333726044744253, 0.0007969180005602539, 0.0004711002402473241, 0.0004644936416298151, 0.00040402065496891737, 0.0006928981747478247, 0.00039578299038112164, 0.00042536715045571327, 0.0006367394234985113, 0.00042143696919083595, 0.00040681345853954554, 0.00035102610127069056, 0.0003412362129893154, 0.00041891145519912243, 0.0003405404568184167, 0.0002885827561840415, 0.0002762063522823155], "final_loss": 0.0020248163491487503, "final_val_loss": 0.0002762063522823155, "generalization_gap": -0.0017486099968664348}