{"folds": [{"fold": 1, "mse": 24698.216074241423, "rmse": 157.15666092864606, "mae": 122.06890512904309, "r2": 0.9589614302536382}, {"fold": 2, "mse": 10543.582757354348, "rmse": 102.68194952061607, "mae": 75.04066667173312, "r2": 0.951301386956288}, {"fold": 3, "mse": 7473.889465884671, "rmse": 86.45165970578397, "mae": 46.01316182375263, "r2": 0.9257574767657978}], "mean": {"mse": 14238.562765826813, "rmse": 115.43009005168204, "mae": 81.04091120817628, "r2": 0.9453400979919081}}