{"loss": [0.018231239169836044, 0.0044112857431173325, 0.003811662783846259, 0.0035873446613550186, 0.003194565186277032, 0.00313354074023664, 0.002927658148109913, 0.0028292895294725895, 0.00266753020696342, 0.002533274469897151, 0.0025062812492251396, 0.0025119767524302006, 0.0024954932741820812, 0.002168088685721159, 0.002406454412266612, 0.0020740495529025793, 0.002182414522394538, 0.002134088659659028, 0.0022490310948342085, 0.002074773656204343], "val_loss": [0.0008264413336291909, 0.0012047201162204146, 0.00046901460154913366, 0.0005822132807224989, 0.0004260509158484638, 0.0003973450802732259, 0.0005154378595761955, 0.000350223999703303, 0.00035811783163808286, 0.00046029509394429624, 0.0004908224800601602, 0.00031317913089878857, 0.0003435723192524165, 0.00032115617068484426, 0.00040165192331187427, 0.00031857556314207613, 0.0003127366944681853, 0.000272208359092474, 0.0002566234325058758, 0.0003292993060313165], "final_loss": 0.002074773656204343, "final_val_loss": 0.0003292993060313165, "generalization_gap": -0.0017454743501730263}