{"DOWN": {"precision": 0.5475, "recall": 0.6257142857142857, "f1-score": 0.584, "support": 350.0}, "UP": {"precision": 0.4125560538116592, "recall": 0.336996336996337, "f1-score": 0.3709677419354839, "support": 273.0}, "accuracy": 0.49919743178170145, "macro avg": {"precision": 0.4800280269058296, "recall": 0.48135531135531134, "f1-score": 0.4774838709677419, "support": 623.0}, "weighted avg": {"precision": 0.48836725953544613, "recall": 0.49919743178170145, "f1-score": 0.49064878579195353, "support": 623.0}}