{"folds": [{"fold": 1, "mse": 17940.18962617817, "rmse": 133.9409930759742, "mae": 96.04605454050431, "r2": 0.9685326871492276}, {"fold": 2, "mse": 10401.249413828049, "rmse": 101.98651584316453, "mae": 73.78059238613587, "r2": 0.9526589263593895}, {"fold": 3, "mse": 7243.430661178951, "rmse": 85.10834660113514, "mae": 44.34624767363384, "r2": 0.9286872186562316}], "mean": {"mse": 11861.62323372839, "rmse": 107.0119518400913, "mae": 71.39096486675801, "r2": 0.9499596107216162}}