{"mse": 8274.610513383406, "rmse": 90.96488615605148, "mae": 44.221198368778936, "r2": 0.9435654578369463}