{"mse": 9219.208642109794, "rmse": 96.01671022332411, "mae": 57.01652030462793, "r2": 0.9371231047090824}