{"folds": [{"fold": 1, "mse": 19200.404894601554, "rmse": 138.56552563535257, "mae": 102.57401950696377, "r2": 0.966322254097119}, {"fold": 2, "mse": 10316.25086877353, "rmse": 101.56894638014874, "mae": 73.15212280912547, "r2": 0.9530457954960359}, {"fold": 3, "mse": 7845.384635450891, "rmse": 88.57417589484471, "mae": 56.27489862412059, "r2": 0.9227608815165205}], "mean": {"mse": 12454.013466275326, "rmse": 109.56954930344868, "mae": 77.33368031340328, "r2": 0.9473763103698918}}