{"mse": 8223.104104661397, "rmse": 90.68133272433415, "mae": 43.75792984569046, "r2": 0.9435453427919626}