{"mse": 8053.17382436158, "rmse": 89.73947751330837, "mae": 45.73715882006783, "r2": 0.9447119771433572}