{"folds": [{"fold": 1, "mse": 8989.34828620564, "rmse": 94.81217372366083, "mae": 59.13376608195085, "r2": 0.9663170998647295}, {"fold": 2, "mse": 2777.2177706418533, "rmse": 52.69931470751639, "mae": 31.576882040471776, "r2": 0.9596629367838606}, {"fold": 3, "mse": 369.03722278578937, "rmse": 19.210341558280252, "mae": 12.888023727453938, "r2": 0.9724593666512924}], "mean": {"mse": 4045.2010932110948, "rmse": 55.57394332981915, "mae": 34.53289061662552, "r2": 0.9661464677666274}}