{"mse": 244.34459078357324, "rmse": 15.631525542427816, "mae": 12.036249359191773, "r2": 0.886421191909619}