{"folds": [{"fold": 1, "mse": 9808.099220071643, "rmse": 99.03584815647132, "mae": 62.33568889517292, "r2": 0.9618213156218347}, {"fold": 2, "mse": 2725.5178024832762, "rmse": 52.20649195725831, "mae": 31.607358966342545, "r2": 0.9599140943938984}, {"fold": 3, "mse": 437.10051842934575, "rmse": 20.906949046413867, "mae": 14.313488397758356, "r2": 0.9686253714508237}], "mean": {"mse": 4323.572513661422, "rmse": 57.3830963867145, "mae": 36.08551208642461, "r2": 0.9634535938221855}}