{"fpr": [0.0, 0.002398081534772182, 1.0], "tpr": [0.0, 0.0, 1.0], "auc": 0.4988009592326139}