{"DOWN": {"precision": 0.6190476190476191, "recall": 0.9976019184652278, "f1-score": 0.7640036730945822, "support": 417.0}, "UP": {"precision": 0.0, "recall": 0.0, "f1-score": 0.0, "support": 256.0}, "accuracy": 0.6181277860326895, "macro avg": {"precision": 0.30952380952380953, "recall": 0.4988009592326139, "f1-score": 0.3820018365472911, "support": 673.0}, "weighted avg": {"precision": 0.38357036722564214, "recall": 0.6181277860326895, "f1-score": 0.47338711988178417, "support": 673.0}}