{"mse": 345.598515819382, "rmse": 18.590280143649853, "mae": 13.650796222496412, "r2": 0.8393552835416034}