{"loss": [0.021933602169156075, 0.003882071003317833, 0.0033602030016481876, 0.0032425951212644577, 0.0032585207372903824, 0.0030908614862710238, 0.0029078605584800243, 0.0027930205687880516, 0.0026915529742836952, 0.0024263374507427216, 0.0026126860175281763, 0.0024869812186807394, 0.002392999827861786, 0.002330066403374076, 0.0022407835349440575, 0.002097038086503744, 0.0019417785806581378, 0.00217634835280478, 0.0018230127170681953, 0.0017480679089203477], "val_loss": [0.0011328430846333504, 0.00039011426270008087, 0.0006038342253305018, 0.0003793752985075116, 0.0003745304711628705, 0.0005274605355225503, 0.00034499395405873656, 0.0005298953619785607, 0.0005956412642262876, 0.0002984640304930508, 0.0003527154913172126, 0.0007672295905649662, 0.0003499379672575742, 0.00036219682078808546, 0.0002802440430969, 0.00030307588167488575, 0.00039773460594005883, 0.0003948681696783751, 0.00039880839176476, 0.0004068198904860765], "final_loss": 0.0017480679089203477, "final_val_loss": 0.0004068198904860765, "generalization_gap": -0.0013412480184342712}