{"folds": [{"fold": 1, "accuracy": 0.544589774078478, "precision": 0.441747572815534, "recall": 0.25348189415041783, "f1": 0.32212389380530976, "auc": 0.4985003294074134}, {"fold": 2, "accuracy": 0.5564803804994055, "precision": 0.4583333333333333, "recall": 0.34472934472934474, "f1": 0.3934959349593496, "auc": 0.5318361532647247}, {"fold": 3, "accuracy": 0.40071343638525564, "precision": 0.37393767705382436, "recall": 0.8098159509202454, "f1": 0.5116279069767442, "auc": 0.47037643695276665}], "mean": {"accuracy": 0.5005945303210463, "precision": 0.42467286106756386, "recall": 0.4693423966000026, "f1": 0.40908257858046787, "auc": 0.5002376398749683}}