{"folds": [{"fold": 1, "mse": 9976.389089104408, "rmse": 99.88187567874569, "mae": 65.3951621436611, "r2": 0.9626186786071513}, {"fold": 2, "mse": 3001.5063144824207, "rmse": 54.786004731887694, "mae": 35.08743225541011, "r2": 0.9564053092160153}, {"fold": 3, "mse": 465.2266038549859, "rmse": 21.569112263952494, "mae": 14.930932098462565, "r2": 0.9652809133341224}], "mean": {"mse": 4481.040669147272, "rmse": 58.74566422486196, "mae": 38.471175499177924, "r2": 0.9614349670524297}}