{"loss": [0.02671123296022415, 0.004062627907842398, 0.003775687189772725, 0.003434344893321395, 0.0032677107956260443, 0.0030064841266721487, 0.0030738376080989838, 0.0028096050955355167, 0.002605023793876171, 0.0025230764877051115, 0.002440609270706773, 0.002252387348562479, 0.0023985414300113916, 0.0024000611156225204, 0.002219894202426076, 0.002140369266271591, 0.00212845834903419, 0.0021966106723994017, 0.002035700250416994, 0.0020521986298263073], "val_loss": [0.0005989359342493117, 0.00046778624528087676, 0.00043619421194307506, 0.0005805392283946276, 0.0004101844388060272, 0.0005565714091062546, 0.0003810047055594623, 0.00034809159114956856, 0.0005182725726626813, 0.00034399350988678634, 0.0003779838152695447, 0.0003108281525783241, 0.0003216452314518392, 0.00036990593071095645, 0.00032611784990876913, 0.0004277900152374059, 0.00030519458232447505, 0.00031793228117749095, 0.0003602203796617687, 0.0003236053744331002], "final_loss": 0.0020521986298263073, "final_val_loss": 0.0003236053744331002, "generalization_gap": -0.001728593255393207}