{"mse": 245.32566272373256, "rmse": 15.662875301927567, "mae": 12.264641750704858, "r2": 0.8870877584860457}