{"mse": 274.1479400197159, "rmse": 16.55741344593762, "mae": 12.895250908636278, "r2": 0.8738221755099546}