{"loss": [0.019935451447963715, 0.004160842392593622, 0.0034115707967430353, 0.0032817751634866, 0.0030282114166766405, 0.0027737095952033997, 0.0027538971044123173, 0.002770985011011362, 0.0025149788707494736, 0.0024967307690531015, 0.002373885829001665, 0.002264777896925807, 0.0021087126806378365, 0.0022824660409241915, 0.0022096375469118357, 0.0021315445192158222, 0.002184025477617979, 0.002348036738112569, 0.0021711052395403385, 0.0020212626550346613], "val_loss": [0.0004853579739574343, 0.0004305612528696656, 0.00038615535595454276, 0.000600172730628401, 0.0003666268603410572, 0.00045501370914280415, 0.00033810766763053834, 0.0003908352227881551, 0.0003473120159469545, 0.00036071919021196663, 0.0005047589656896889, 0.00029108155285939574, 0.00031070903060026467, 0.0003578580217435956, 0.0003543425991665572, 0.0002754348097369075, 0.0003681496891658753, 0.00026607068139128387, 0.00032272894168272614, 0.00026185979368165135], "final_loss": 0.0020212626550346613, "final_val_loss": 0.00026185979368165135, "generalization_gap": -0.00175940286135301}