{"loss": [0.02273111417889595, 0.004003006499260664, 0.0038317455910146236, 0.003575449576601386, 0.0033694845624268055, 0.002986003877595067, 0.0029853025916963816, 0.0025505414232611656, 0.002883740933611989, 0.0024688346311450005, 0.0024240249767899513, 0.002381525468081236, 0.002353380434215069, 0.0021696272306144238, 0.002366210799664259, 0.0022735472302883863, 0.0020963463466614485, 0.0020549888722598553, 0.0019980785436928272, 0.001964052440598607], "val_loss": [0.001040870905853808, 0.00044751405948773026, 0.0005123989540152252, 0.0009730115416459739, 0.0003510371898300946, 0.0007347827195189893, 0.0003813030489254743, 0.00036322526284493506, 0.00032426303368993104, 0.00046393999946303666, 0.0003913237014785409, 0.00027613702695816755, 0.0003474980185274035, 0.00034501272602938116, 0.0003387470787856728, 0.00029219736461527646, 0.0003811077622231096, 0.000265035341726616, 0.0002470433246344328, 0.0005546813481487334], "final_loss": 0.001964052440598607, "final_val_loss": 0.0005546813481487334, "generalization_gap": -0.0014093710924498737}