{"folds": [{"fold": 1, "mse": 97.11098841184715, "rmse": 9.854490773847584, "mae": 8.270808503122039, "r2": 0.5860844097467401}, {"fold": 2, "mse": 212.60515971016994, "rmse": 14.580986239283334, "mae": 9.211615764733518, "r2": 0.8683907116457243}, {"fold": 3, "mse": 95.0348210803628, "rmse": 9.7485804648863, "mae": 7.116099631569603, "r2": 0.5004940255645267}], "mean": {"mse": 134.91698973412664, "rmse": 11.39468582600574, "mae": 8.199507966475053, "r2": 0.651656382318997}}