{"fpr": [0.0, 0.048, 0.08, 0.088, 0.12, 0.144, 0.16, 0.16, 0.192, 0.2, 0.224, 0.232, 0.248, 0.264, 0.272, 0.28, 0.28, 0.28, 0.304, 0.312, 0.32, 0.336, 0.352, 0.36, 0.368, 0.4, 0.4, 0.416, 0.432, 0.448, 0.456, 0.496, 0.504, 0.512, 0.56, 0.56, 0.576, 0.584, 0.592, 0.608, 0.624, 0.632, 0.648, 0.688, 0.712, 0.728, 0.736, 0.736, 0.744, 0.76, 0.784, 0.784, 0.792, 0.824, 0.824, 0.848, 0.864, 0.872, 0.888, 0.968, 0.976, 1.0], "tpr": [0.0, 0.01020408163265306, 0.01020408163265306, 0.01020408163265306, 0.07142857142857142, 0.11224489795918367, 0.12244897959183673, 0.1326530612244898, 0.1326530612244898, 0.1326530612244898, 0.17346938775510204, 0.17346938775510204, 0.17346938775510204, 0.17346938775510204, 0.1836734693877551, 0.1836734693877551, 0.19387755102040816, 0.21428571428571427, 0.21428571428571427, 0.22448979591836735, 0.24489795918367346, 0.24489795918367346, 0.25510204081632654, 0.2653061224489796, 0.2653061224489796, 0.2857142857142857, 0.30612244897959184, 0.3163265306122449, 0.35714285714285715, 0.35714285714285715, 0.3673469387755102, 0.40816326530612246, 0.40816326530612246, 0.42857142857142855, 0.4489795918367347, 0.45918367346938777, 0.45918367346938777, 0.46938775510204084, 0.5, 0.5, 0.5204081632653061, 0.5612244897959183, 0.5714285714285714, 0.6122448979591837, 0.6530612244897959, 0.6530612244897959, 0.6530612244897959, 0.6632653061224489, 0.6836734693877551, 0.6836734693877551, 0.6836734693877551, 0.7040816326530612, 0.7142857142857143, 0.7346938775510204, 0.7448979591836735, 0.7857142857142857, 0.7959183673469388, 0.8061224489795918, 0.8061224489795918, 0.8877551020408163, 0.9285714285714286, 1.0], "auc": 0.4258367346938776}