{"mse": 53.59773783503054, "rmse": 7.321047591364951, "mae": 5.235289859411851, "r2": 0.6020210697524471}