{"loss": [0.020565755665302277, 0.00338383368216455, 0.002983291167765856, 0.0028230410534888506, 0.002411833731457591, 0.002439749427139759, 0.0021947382483631372, 0.0024897472467273474, 0.0021523647010326385, 0.0021029473282396793, 0.002057880163192749, 0.0019224602729082108, 0.0019285647431388497, 0.001812694943509996, 0.0018117864383384585, 0.002115387236699462, 0.0018967079231515527, 0.00166583142708987, 0.001465808367356658, 0.0016863556811586022], "val_loss": [0.0017190332291647792, 0.0012941170716658235, 0.0011989957420155406, 0.0009346951846964657, 0.0009171573328785598, 0.001065492513589561, 0.0008850150043144822, 0.0008727287640795112, 0.0008605326293036342, 0.0009121759794652462, 0.000851231743581593, 0.0009040407603606582, 0.0008411625167354941, 0.0008591336663812399, 0.0008783686789683998, 0.0008374534081667662, 0.0008449662127532065, 0.0008228133083321154, 0.0008296346059069037, 0.0008024086127988994], "final_loss": 0.0016863556811586022, "final_val_loss": 0.0008024086127988994, "generalization_gap": -0.0008839470683597028}