{"loss": [0.008489793166518211, 0.0025017636362463236, 0.0021571919787675142, 0.002338381949812174, 0.0021267361007630825, 0.0016998487990349531, 0.0018439757404848933, 0.0017047536093741655, 0.0015355432406067848, 0.0016748001798987389, 0.0015473461244255304, 0.0015210529090836644, 0.0016368248034268618, 0.001568128471262753, 0.002166918944567442, 0.0014375457540154457, 0.0013329095672816038, 0.0019343869062140584, 0.0015320907114073634, 0.0013866195222362876], "val_loss": [0.001274025533348322, 0.0009696988854557276, 0.0009770180331543088, 0.0009607811225578189, 0.0007527573616243899, 0.0008001197129487991, 0.0007186824223026633, 0.0009066412458196282, 0.0006964109488762915, 0.0008073226781561971, 0.0006358087994158268, 0.0005731466808356345, 0.0005900079850107431, 0.0007735998369753361, 0.0008788265404291451, 0.0005052664782851934, 0.0009154803701676428, 0.0005661816685460508, 0.00048310309648513794, 0.00048346162657253444], "final_loss": 0.0013866195222362876, "final_val_loss": 0.00048346162657253444, "generalization_gap": -0.0009031578956637532}