{"folds": [{"fold": 1, "accuracy": 0.4676258992805755, "precision": 0.4117647058823529, "recall": 0.8348623853211009, "f1": 0.5515151515151515, "auc": 0.5261386461104175}, {"fold": 2, "accuracy": 0.564748201438849, "precision": 0.2857142857142857, "recall": 0.034782608695652174, "f1": 0.06201550387596899, "auc": 0.49517204587890107}, {"fold": 3, "accuracy": 0.5863309352517986, "precision": 0.0, "recall": 0.0, "f1": 0.0, "auc": 0.49026407041877834}], "mean": {"accuracy": 0.5395683453237411, "precision": 0.23249299719887953, "recall": 0.289881664672251, "f1": 0.20451021846370684, "auc": 0.5038582541360322}}