{"folds": [{"fold": 1, "mse": 197.28635748872858, "rmse": 14.04586620642275, "mae": 12.512670655684037, "r2": 0.15910752794994154}, {"fold": 2, "mse": 235.600046409135, "rmse": 15.34926859525023, "mae": 9.344585800170899, "r2": 0.8541561527179751}, {"fold": 3, "mse": 173.86135194065454, "rmse": 13.185649469808249, "mae": 10.563351278594046, "r2": 0.08617932847636733}], "mean": {"mse": 202.24925194617273, "rmse": 14.19359475716041, "mae": 10.806869244816328, "r2": 0.36648100304809467}}