{"mse": 58.73402512664867, "rmse": 7.663812701694155, "mae": 5.822745921776733, "r2": 0.5638826295060703}