{"DOWN": {"precision": 0.5605381165919282, "recall": 1.0, "f1-score": 0.7183908045977011, "support": 125.0}, "UP": {"precision": 0.0, "recall": 0.0, "f1-score": 0.0, "support": 98.0}, "accuracy": 0.5605381165919282, "macro avg": {"precision": 0.2802690582959641, "recall": 0.5, "f1-score": 0.35919540229885055, "support": 223.0}, "weighted avg": {"precision": 0.31420298015242615, "recall": 0.5605381165919282, "f1-score": 0.4026854285861553, "support": 223.0}}