{"mse": 65.71581112155843, "rmse": 8.106528919430216, "mae": 5.85951745530579, "r2": 0.5023781067640198}