{"loss": [0.024012960493564606, 0.0036549801006913185, 0.002641497878357768, 0.002614285098388791, 0.002574065700173378, 0.0023804325610399246, 0.0024577733129262924, 0.0024448251351714134, 0.002572044264525175, 0.0021355249918997288, 0.0019898219034075737, 0.0021060972940176725, 0.0022628242149949074, 0.002202780684456229, 0.0019356454722583294, 0.0017329120310023427, 0.0018462402513250709, 0.001839923206716776, 0.0020590410567820072, 0.0017217823769897223], "val_loss": [0.002642908366397023, 0.0010799473384395242, 0.0009922327008098364, 0.0009771864861249924, 0.0009576216689310968, 0.0010139012010768056, 0.0011150948703289032, 0.0017779248300939798, 0.001007519313134253, 0.0010604364797472954, 0.0009231999865733087, 0.0010593313490971923, 0.001193902688100934, 0.000890815572347492, 0.0009811691707000136, 0.0008942958666011691, 0.0008298148750327528, 0.0008726847008801997, 0.0009045099723152816, 0.0009324172278866172], "final_loss": 0.0017217823769897223, "final_val_loss": 0.0009324172278866172, "generalization_gap": -0.0007893651491031051}