{"loss": [0.013652460649609566, 0.002737356349825859, 0.002528022276237607, 0.0021637585014104843, 0.0022074433509260416, 0.0018213166622444987, 0.0016991595039144158, 0.0016592424362897873, 0.001658688997849822, 0.0016703667351976037, 0.0015079997247084975, 0.0015621186466887593, 0.0015422169817611575, 0.001489759306423366, 0.0016810547094792128, 0.0013793212128803134, 0.0013593260664492846, 0.0013335428666323423, 0.0014977313112467527, 0.001218377030454576], "val_loss": [0.0010543487733229995, 0.0011955464724451303, 0.0009734117775224149, 0.0008124777232296765, 0.0009826741879805923, 0.0007524281390942633, 0.000696103903464973, 0.0008010169258341193, 0.0007042665383778512, 0.0006784825236536562, 0.000713497691322118, 0.0006042009335942566, 0.0006825681775808334, 0.0008878459921106696, 0.0006287244614213705, 0.0005936521920375526, 0.0005304210935719311, 0.0005768429255113006, 0.0004907618276774883, 0.000552915153093636], "final_loss": 0.001218377030454576, "final_val_loss": 0.000552915153093636, "generalization_gap": -0.00066546187736094}