{"folds": [{"fold": 1, "mse": 90.72886695982208, "rmse": 9.52517018009768, "mae": 7.489401605472352, "r2": 0.7015778323566296}, {"fold": 2, "mse": 266.2558243699176, "rmse": 16.31734734477138, "mae": 9.736363135756601, "r2": 0.8305984492262763}, {"fold": 3, "mse": 87.3645347695131, "rmse": 9.346899741064579, "mae": 6.85646144740256, "r2": 0.5307885678046831}], "mean": {"mse": 148.11640869975093, "rmse": 11.729805755311213, "mae": 8.027408729543838, "r2": 0.6876549497958631}}