{"mse": 105.6215090318493, "rmse": 10.277232557057824, "mae": 8.025499642026935, "r2": 0.2001989415660188}