{"mse": 30.323774395793762, "rmse": 5.506702679080628, "mae": 4.602641361202812, "r2": 0.7811769029281843}