{"loss": [0.03126342222094536, 0.005372203886508942, 0.004694879520684481, 0.004487176891416311, 0.00395633839070797, 0.0036736775655299425, 0.0033152089454233646, 0.0037949359975755215, 0.003464692272245884, 0.0031168139539659023, 0.0031538009643554688, 0.0031602561939507723, 0.0029091713950037956, 0.0030166993383318186, 0.002777994843199849, 0.0030984431505203247, 0.0026729966048151255, 0.002600680571049452, 0.002745341509580612, 0.0027135044801980257], "val_loss": [0.00561387138441205, 0.00036162842297926545, 0.00030232974677346647, 0.0003398686239961535, 0.0002553940284997225, 0.0002588879142422229, 0.000265863083768636, 0.00024139472225215286, 0.00024264764215331525, 0.00024539552396163344, 0.0004307188792154193, 0.00022439626627601683, 0.0002029419265454635, 0.0002399134391453117, 0.00021152627596165985, 0.00026735803112387657, 0.0001962411915883422, 0.00021387165179476142, 0.0002668432716745883, 0.0002190835657529533], "final_loss": 0.0027135044801980257, "final_val_loss": 0.0002190835657529533, "generalization_gap": -0.0024944209144450724}