{"folds": [{"fold": 1, "mse": 3100.6151194270547, "rmse": 55.68316728982875, "mae": 46.84853299458822, "r2": 0.8131008816806528}, {"fold": 2, "mse": 712.5591799390189, "rmse": 26.69380414888479, "mae": 17.092330384254456, "r2": 0.9540899116703621}, {"fold": 3, "mse": 96.00527176084427, "rmse": 9.798227990858564, "mae": 6.3933767429987585, "r2": 0.7777570384422983}], "mean": {"mse": 1303.059857042306, "rmse": 30.725066476524034, "mae": 23.444746707280476, "r2": 0.8483159439311043}}