{"loss": [0.02533603645861149, 0.00468809949234128, 0.004334294702857733, 0.004104791674762964, 0.004214651416987181, 0.0035919868387281895, 0.0034143703524023294, 0.0033961234148591757, 0.0030006468296051025, 0.0028920932672917843, 0.003165934467688203, 0.0030061539728194475, 0.003100284840911627, 0.002731198910623789, 0.002845277776941657, 0.0024987184442579746, 0.0026634647510945797, 0.002666700165718794, 0.0025365552864968777, 0.0022950638085603714], "val_loss": [0.002964689861983061, 0.0003087472287006676, 0.0003922217001672834, 0.00030484620947390795, 0.00045303921797312796, 0.0003104908100795001, 0.0003155028389301151, 0.00030331898597069085, 0.00023300190514419228, 0.0002236282016383484, 0.0003428604395594448, 0.0002901650732383132, 0.00025194091722369194, 0.0003183117660228163, 0.000214518528082408, 0.00023919501109048724, 0.00021927987108938396, 0.00020083022536709905, 0.00022798791178502142, 0.0001835247385315597], "final_loss": 0.0022950638085603714, "final_val_loss": 0.0001835247385315597, "generalization_gap": -0.0021115390700288117}