{"mse": 26.722695515700156, "rmse": 5.169399918336765, "mae": 3.646077756628526, "r2": 0.8071630886535105}