{"DOWN": {"precision": 0.5934065934065934, "recall": 0.8526315789473684, "f1-score": 0.6997840172786177, "support": 190.0}, "UP": {"precision": 0.3, "recall": 0.0975609756097561, "f1-score": 0.147239263803681, "support": 123.0}, "accuracy": 0.5559105431309904, "macro avg": {"precision": 0.44670329670329667, "recall": 0.47509627727856224, "f1-score": 0.42351164054114937, "support": 313.0}, "weighted avg": {"precision": 0.4781062388091142, "recall": 0.5559105431309904, "f1-score": 0.48264981703127835, "support": 313.0}}