{"accuracy": 0.5559105431309904, "precision": 0.3, "recall": 0.0975609756097561, "f1": 0.147239263803681}