{"mse": 20.323639463813425, "rmse": 4.508174737497807, "mae": 3.1647375858191285, "r2": 0.8544036348984059}