{"loss": [0.03120344504714012, 0.005714769940823317, 0.005731860175728798, 0.004317256156355143, 0.004203508608043194, 0.004385987762361765, 0.003705425187945366, 0.0033563876058906317, 0.003488951362669468, 0.0034150700084865093, 0.0030786285642534494, 0.0031720928382128477, 0.0028548112604767084, 0.0027882864233106375, 0.0030952091328799725, 0.0030745496042072773, 0.002909045899286866, 0.002812975086271763, 0.0026282130274921656, 0.002957986667752266], "val_loss": [0.004323573783040047, 0.0003428160853218287, 0.00033660230110399425, 0.0002964501327369362, 0.0002643422922119498, 0.0004375239077489823, 0.0002448973245918751, 0.0002473996428307146, 0.00025753278168849647, 0.00024420255795121193, 0.0002191942185163498, 0.0002680443867575377, 0.00025297378306277096, 0.0002622627071104944, 0.00022793083917349577, 0.00021659709454979748, 0.00020164233865216374, 0.0002738818875513971, 0.0003881287411786616, 0.00020101516565773636], "final_loss": 0.002957986667752266, "final_val_loss": 0.00020101516565773636, "generalization_gap": -0.0027569715020945296}