{"folds": [{"fold": 1, "accuracy": 0.6010230179028133, "precision": 0.42424242424242425, "recall": 0.09271523178807947, "f1": 0.15217391304347827, "auc": 0.5141970198675496}, {"fold": 2, "accuracy": 0.4859335038363171, "precision": 0.3815789473684211, "recall": 0.5918367346938775, "f1": 0.464, "auc": 0.5073045611687298}, {"fold": 3, "accuracy": 0.5549872122762148, "precision": 0.3620689655172414, "recall": 0.13291139240506328, "f1": 0.19444444444444445, "auc": 0.4520970283044494}], "mean": {"accuracy": 0.5473145780051151, "precision": 0.38929677904269555, "recall": 0.27248778629567344, "f1": 0.27020611916264087, "auc": 0.49119953644690956}}