{"mse": 19.628390160095286, "rmse": 4.430393905748708, "mae": 3.0308099206701504, "r2": 0.8593843260605872}