{"folds": [{"fold": 1, "mse": 19729.44217825219, "rmse": 140.4615327349527, "mae": 119.49940722851042, "r2": -0.0639441289003746}, {"fold": 2, "mse": 596.7019771588972, "rmse": 24.42748405298624, "mae": 15.031933163582012, "r2": 0.9633211277400545}, {"fold": 3, "mse": 89.58812667573831, "rmse": 9.465100457773193, "mae": 5.6362503895861025, "r2": 0.783515825523796}], "mean": {"mse": 6805.244094028942, "rmse": 58.118039081904044, "mae": 46.722530260559516, "r2": 0.5609642747878253}}