{"fpr": [0.0, 0.02631578947368421, 0.03684210526315789, 0.05789473684210526, 0.06315789473684211, 0.07368421052631578, 0.08947368421052632, 0.1, 0.12105263157894737, 0.13157894736842105, 0.1368421052631579, 0.14736842105263157, 0.15263157894736842, 0.15263157894736842, 0.15789473684210525, 0.17894736842105263, 0.18947368421052632, 0.19473684210526315, 0.20526315789473684, 0.21052631578947367, 0.22105263157894736, 0.25263157894736843, 0.25263157894736843, 0.26842105263157895, 0.2894736842105263, 0.3105263157894737, 0.3105263157894737, 0.3157894736842105, 0.3263157894736842, 0.3368421052631579, 0.35789473684210527, 0.35789473684210527, 0.3631578947368421, 0.37894736842105264, 0.3894736842105263, 0.41578947368421054, 0.4368421052631579, 0.4473684210526316, 0.45789473684210524, 0.46842105263157896, 0.47368421052631576, 0.4789473684210526, 0.49473684210526314, 0.5105263157894737, 0.5210526315789473, 0.531578947368421, 0.5368421052631579, 0.5736842105263158, 0.5842105263157895, 0.5842105263157895, 0.5947368421052631, 0.6, 0.6157894736842106, 0.6210526315789474, 0.631578947368421, 0.6473684210526316, 0.6473684210526316, 0.6526315789473685, 0.6684210526315789, 0.6736842105263158, 0.6736842105263158, 0.6842105263157895, 0.7263157894736842, 0.7473684210526316, 0.7526315789473684, 0.7631578947368421, 0.7684210526315789, 0.8473684210526315, 0.8578947368421053, 0.868421052631579, 0.8789473684210526, 0.8894736842105263, 0.9052631578947369, 0.9263157894736842, 0.9473684210526315, 0.9578947368421052, 1.0, 1.0], "tpr": [0.0, 0.04878048780487805, 0.04878048780487805, 0.04878048780487805, 0.04878048780487805, 0.07317073170731707, 0.07317073170731707, 0.07317073170731707, 0.07317073170731707, 0.08130081300813008, 0.08943089430894309, 0.0975609756097561, 0.0975609756097561, 0.11382113821138211, 0.12195121951219512, 0.12195121951219512, 0.12195121951219512, 0.13008130081300814, 0.13008130081300814, 0.13008130081300814, 0.13008130081300814, 0.13008130081300814, 0.13821138211382114, 0.17073170731707318, 0.17073170731707318, 0.1951219512195122, 0.21138211382113822, 0.21951219512195122, 0.24390243902439024, 0.24390243902439024, 0.25203252032520324, 0.2601626016260163, 0.2682926829268293, 0.3008130081300813, 0.3008130081300813, 0.3170731707317073, 0.3170731707317073, 0.3170731707317073, 0.34146341463414637, 0.34146341463414637, 0.34959349593495936, 0.34959349593495936, 0.35772357723577236, 0.35772357723577236, 0.35772357723577236, 0.35772357723577236, 0.35772357723577236, 0.43089430894308944, 0.43902439024390244, 0.45528455284552843, 0.45528455284552843, 0.4959349593495935, 0.5040650406504065, 0.5121951219512195, 0.5365853658536586, 0.5365853658536586, 0.5528455284552846, 0.5691056910569106, 0.5853658536585366, 0.6178861788617886, 0.6260162601626016, 0.6422764227642277, 0.6504065040650406, 0.6991869918699187, 0.7073170731707317, 0.7317073170731707, 0.7317073170731707, 0.7723577235772358, 0.7723577235772358, 0.7804878048780488, 0.7967479674796748, 0.7967479674796748, 0.8048780487804879, 0.8455284552845529, 0.8943089430894309, 0.9024390243902439, 0.991869918699187, 1.0], "auc": 0.4212237911852803}