{"loss": [0.02203829027712345, 0.004811261780560017, 0.004675443284213543, 0.00403575086966157, 0.004253302235156298, 0.0038053281605243683, 0.003523909253999591, 0.003737978870049119, 0.0031608708668500185, 0.003424425609409809, 0.0030718615744262934, 0.0034889569506049156, 0.002983311889693141, 0.0029731756076216698, 0.0025163977406919003, 0.0027013744693249464, 0.0027527539059519768, 0.0025347555056214333, 0.002607241738587618, 0.002449746010825038], "val_loss": [0.0013346669729799032, 0.0003811730130109936, 0.00031086476519703865, 0.0005281690391711891, 0.00032228321651928127, 0.00037635499029420316, 0.0002450288739055395, 0.00023608660558238626, 0.00025122638908214867, 0.0002564229362178594, 0.0003883898607455194, 0.0005723980721086264, 0.00020763473003171384, 0.0003098651359323412, 0.0002270428667543456, 0.00022305415768641979, 0.00022414956765715033, 0.0002466390433255583, 0.0002013072808040306, 0.00018803034618031234], "final_loss": 0.002449746010825038, "final_val_loss": 0.00018803034618031234, "generalization_gap": -0.0022617156646447256}