{"folds": [{"fold": 1, "mse": 6949.596219874988, "rmse": 83.36423825523141, "mae": 65.94341201782227, "r2": 0.6252310618029214}, {"fold": 2, "mse": 794.4141011482639, "rmse": 28.185352599324776, "mae": 19.04636673622943, "r2": 0.9511678954437965}, {"fold": 3, "mse": 87.62559024346906, "rmse": 9.360854140700466, "mae": 5.457960982627057, "r2": 0.7882581735913814}], "mean": {"mse": 2610.5453037555735, "rmse": 40.30348166508555, "mae": 30.149246578892917, "r2": 0.7882190436126999}}